{"mean":{"confidence_interval":{"confidence_level":0.95,"lower_bound":5361108.3425,"upper_bound":5452622.69140625},"point_estimate":5402591.03125,"standard_error":23718.419980615137},"median":{"confidence_interval":{"confidence_level":0.95,"lower_bound":5320000.25,"upper_bound":5368111.5},"point_estimate":5338461.875,"standard_error":10177.158735739285},"median_abs_dev":{"confidence_interval":{"confidence_level":0.95,"lower_bound":70777.33049970122,"upper_bound":130969.45316232741},"point_estimate":93053.71942296624,"standard_error":14146.207108265642},"slope":null,"std_dev":{"confidence_interval":{"confidence_level":0.95,"lower_bound":124695.36836889067,"upper_bound":340243.68485104456},"point_estimate":238239.86620480407,"standard_error":56155.06343864214}}