{"mean":{"confidence_interval":{"confidence_level":0.95,"lower_bound":5555672.53,"upper_bound":5744710.366666669},"point_estimate":5639581.262222226,"standard_error":48977.093791038526},"median":{"confidence_interval":{"confidence_level":0.95,"lower_bound":5522491.5,"upper_bound":5564673.722222222},"point_estimate":5541532.555555556,"standard_error":11340.621021342626},"median_abs_dev":{"confidence_interval":{"confidence_level":0.95,"lower_bound":75855.41558663081,"upper_bound":119699.85040823556},"point_estimate":96629.35931781912,"standard_error":11285.200991736936},"slope":null,"std_dev":{"confidence_interval":{"confidence_level":0.95,"lower_bound":130027.28997785052,"upper_bound":734835.025961675},"point_estimate":497661.6215021968,"standard_error":144343.33132808286}}