{"mean":{"confidence_interval":{"confidence_level":0.95,"lower_bound":5513028.418888891,"upper_bound":5622546.923333336},"point_estimate":5563205.816666667,"standard_error":27965.412765787085},"median":{"confidence_interval":{"confidence_level":0.95,"lower_bound":5471258.611111111,"upper_bound":5535006.333333333},"point_estimate":5504863.666666666,"standard_error":14647.710035126827},"median_abs_dev":{"confidence_interval":{"confidence_level":0.95,"lower_bound":90645.1739907267,"upper_bound":165921.63428763533},"point_estimate":128984.79747672868,"standard_error":19459.65567653309},"slope":null,"std_dev":{"confidence_interval":{"confidence_level":0.95,"lower_bound":158260.67243293312,"upper_bound":382588.4947928454},"point_estimate":281631.2960494637,"standard_error":56888.59361114522}}