{"mean":{"confidence_interval":{"confidence_level":0.95,"lower_bound":9680563.376666665,"upper_bound":10093551.281666666},"point_estimate":9863783.361666668,"standard_error":105927.29023170623},"median":{"confidence_interval":{"confidence_level":0.95,"lower_bound":9849568.083333332,"upper_bound":10045823.583333332},"point_estimate":9997027.666666668,"standard_error":57045.4130897592},"median_abs_dev":{"confidence_interval":{"confidence_level":0.95,"lower_bound":454171.6451868396,"upper_bound":892572.3802536735},"point_estimate":758056.2081918111,"standard_error":115224.00268813877},"slope":null,"std_dev":{"confidence_interval":{"confidence_level":0.95,"lower_bound":596535.7194386964,"upper_bound":1590201.980329176},"point_estimate":1055999.256640419,"standard_error":312828.98430344806}}