{"mean":{"confidence_interval":{"confidence_level":0.95,"lower_bound":5915790.632472219,"upper_bound":6106151.053333331},"point_estimate":6003976.072222219,"standard_error":48915.75545161768},"median":{"confidence_interval":{"confidence_level":0.95,"lower_bound":5841141.222222222,"upper_bound":5930235.388888889},"point_estimate":5906337.388888888,"standard_error":24188.722730258025},"median_abs_dev":{"confidence_interval":{"confidence_level":0.95,"lower_bound":143298.31182261324,"upper_bound":235813.37384680845},"point_estimate":185786.16766830347,"standard_error":22891.863848507466},"slope":null,"std_dev":{"confidence_interval":{"confidence_level":0.95,"lower_bound":307696.69499667775,"upper_bound":671066.1414957988},"point_estimate":490865.54846446635,"standard_error":95218.64767353852}}