{"mean":{"confidence_interval":{"confidence_level":0.95,"lower_bound":5862528.248833337,"upper_bound":6044594.30555556},"point_estimate":5933775.401111114,"standard_error":47966.20128407529},"median":{"confidence_interval":{"confidence_level":0.95,"lower_bound":5812478.777777778,"upper_bound":5982069.944444444},"point_estimate":5909871.111111112,"standard_error":47903.17862221868},"median_abs_dev":{"confidence_interval":{"confidence_level":0.95,"lower_bound":130103.41915686917,"upper_bound":249797.2938635452},"point_estimate":205826.14204585712,"standard_error":30577.178733773806},"slope":null,"std_dev":{"confidence_interval":{"confidence_level":0.95,"lower_bound":160043.63775020282,"upper_bound":789685.9311599497},"point_estimate":481304.5301865378,"standard_error":212537.98767205977}}